state,r_ev,d_ev,total vote,r_pct,d_pct,r_votes,d_votes,o_votes,year,other2_votes,other_votes,o_pct,winner
Alabama,9.0,0.0,1006093.0,72.43,25.54,728701.0,256923.0,20469.0,1972,,20469.0,2.03,REP
Alaska,3.0,0.0,95219.0,58.13,34.62,55349.0,32967.0,6903.0,1972,,6903.0,7.25,REP
Arizona,6.0,0.0,653505.0,61.64,30.38,402812.0,198540.0,52153.0,1972,,52153.0,7.98,REP
Arkansas,6.0,0.0,647666.0,68.82,30.71,445751.0,198899.0,3016.0,1972,,3016.0,0.47,REP
California,45.0,0.0,8367862.0,55.0,41.54,4602096.0,3475847.0,289919.0,1972,,289919.0,3.46,REP
Colorado,7.0,0.0,953884.0,62.61,34.59,597189.0,329980.0,26715.0,1972,,26715.0,2.8,REP
Connecticut,8.0,0.0,1384277.0,58.57,40.13,810763.0,555498.0,18016.0,1972,,18016.0,1.3,REP
Delaware,3.0,0.0,235516.0,59.6,39.18,140357.0,92283.0,2876.0,1972,,2876.0,1.22,REP
D. C.,0.0,3.0,163421.0,21.56,78.1,35226.0,127627.0,568.0,1972,,568.0,0.35,DEM
Florida,17.0,0.0,2583283.0,71.91,27.8,1857759.0,718117.0,7407.0,1972,,7407.0,0.29,REP
Georgia,12.0,0.0,1174772.0,75.04,24.65,881496.0,289529.0,3747.0,1972,,3747.0,0.32,REP
Hawaii,4.0,0.0,270274.0,62.48,37.52,168865.0,101409.0,0.0,1972,,0.0,0.0,REP
Idaho,4.0,0.0,310379.0,64.24,26.04,199384.0,80826.0,30169.0,1972,,30169.0,9.72,REP
Illinois,26.0,0.0,4723236.0,59.03,40.51,2788179.0,1913472.0,21585.0,1972,,21585.0,0.46,REP
Indiana,13.0,0.0,2125529.0,66.11,33.34,1405154.0,708568.0,11807.0,1972,,11807.0,0.56,REP
Iowa,8.0,0.0,1225944.0,57.61,40.48,706207.0,496206.0,23531.0,1972,,23531.0,1.92,REP
Kansas,7.0,0.0,916095.0,67.66,29.5,619812.0,270287.0,25996.0,1972,,25996.0,2.84,REP
Kentucky,9.0,0.0,1067499.0,63.37,34.77,676446.0,371159.0,19894.0,1972,,19894.0,1.86,REP
Louisiana,10.0,0.0,1051491.0,65.32,28.35,686852.0,298142.0,66497.0,1972,,66497.0,6.32,REP
Maine,4.0,0.0,417271.0,61.46,38.48,256458.0,160584.0,229.0,1972,,229.0,0.05,REP
Maryland,10.0,0.0,1353812.0,61.26,37.36,829305.0,505781.0,18726.0,1972,,18726.0,1.38,REP
Massachusetts,0.0,14.0,2458756.0,45.23,54.2,1112078.0,1332540.0,14138.0,1972,,14138.0,0.58,DEM
Michigan,21.0,0.0,3490325.0,56.2,41.81,1961721.0,1459435.0,69169.0,1972,,69169.0,1.98,REP
Minnesota,10.0,0.0,1741652.0,51.58,46.07,898269.0,802346.0,41037.0,1972,,41037.0,2.36,REP
Mississippi,7.0,0.0,645963.0,78.2,19.63,505125.0,126782.0,14056.0,1972,,14056.0,2.18,REP
Missouri,12.0,0.0,1852589.0,62.29,37.71,1154058.0,698531.0,0.0,1972,,0.0,0.0,REP
Montana,4.0,0.0,317603.0,57.93,37.85,183976.0,120197.0,13430.0,1972,,13430.0,4.23,REP
Nebraska,5.0,0.0,576289.0,70.5,29.5,406298.0,169991.0,0.0,1972,,0.0,0.0,REP
Nevada,3.0,0.0,181766.0,63.68,36.32,115750.0,66016.0,0.0,1972,,0.0,0.0,REP
New Hampshire,4.0,0.0,334059.0,63.98,34.85,213724.0,116435.0,3900.0,1972,,3900.0,1.17,REP
New Jersey,17.0,0.0,2997229.0,61.57,36.77,1845502.0,1102211.0,49516.0,1972,,49516.0,1.65,REP
New Mexico,4.0,0.0,385931.0,61.05,36.56,235606.0,141084.0,9241.0,1972,,9241.0,2.39,REP
New York,41.0,0.0,7161830.0,58.54,41.21,4192778.0,2951084.0,17968.0,1972,,17968.0,0.25,REP
North Carolina,13.0,0.0,1518612.0,69.46,28.89,1054889.0,438705.0,25018.0,1972,,25018.0,1.65,REP
North Dakota,3.0,0.0,280514.0,62.07,35.79,174109.0,100384.0,6021.0,1972,,6021.0,2.15,REP
Ohio,25.0,0.0,4094787.0,59.63,38.07,2441827.0,1558889.0,94071.0,1972,,94071.0,2.3,REP
Oklahoma,8.0,0.0,1029900.0,73.7,24.0,759025.0,247147.0,23728.0,1972,,23728.0,2.3,REP
Oregon,6.0,0.0,927946.0,52.45,42.33,486686.0,392760.0,48500.0,1972,,48500.0,5.23,REP
Pennsylvania,27.0,0.0,4592105.0,59.11,39.13,2714521.0,1796951.0,80633.0,1972,,80633.0,1.76,REP
Rhode Island,4.0,0.0,415808.0,53.0,46.81,220383.0,194645.0,780.0,1972,,780.0,0.19,REP
South Carolina,8.0,0.0,677880.0,70.58,27.92,478427.0,189270.0,10183.0,1972,,10183.0,1.5,REP
South Dakota,4.0,0.0,307415.0,54.15,45.52,166476.0,139945.0,994.0,1972,,994.0,0.32,REP
Tennessee,10.0,0.0,1201182.0,67.7,29.75,813147.0,357293.0,30742.0,1972,,30742.0,2.56,REP
Texas,26.0,0.0,3472714.0,66.2,33.24,2298896.0,1154291.0,19527.0,1972,,19527.0,0.56,REP
Utah,4.0,0.0,478476.0,67.64,26.39,323643.0,126284.0,28549.0,1972,,28549.0,5.97,REP
Vermont,3.0,0.0,186946.0,62.66,36.47,117149.0,68174.0,1623.0,1972,,1623.0,0.87,REP
Virginia,11.0,0.0,1457019.0,67.84,30.12,988493.0,438887.0,29639.0,1972,,29639.0,2.03,REP
Washington,9.0,0.0,1470847.0,56.92,38.64,837135.0,568334.0,65378.0,1972,,65378.0,4.44,REP
West Virginia,6.0,0.0,762399.0,63.61,36.39,484964.0,277435.0,0.0,1972,,0.0,0.0,REP
Wisconsin,11.0,0.0,1852890.0,53.4,43.72,989430.0,810174.0,53286.0,1972,,53286.0,2.88,REP
Wyoming,3.0,0.0,145570.0,69.01,30.47,100464.0,44358.0,748.0,1972,,748.0,0.51,REP
Alabama,0.0,9.0,1182850.0,42.61,55.73,504070.0,659170.0,19610.0,1976,,19610.0,1.66,DEM
Alaska,3.0,0.0,123574.0,57.9,35.65,71555.0,44058.0,7961.0,1976,,7961.0,6.44,REP
Arizona,6.0,0.0,742719.0,56.37,39.8,418642.0,295602.0,28475.0,1976,,28475.0,3.83,REP
Arkansas,0.0,6.0,769396.0,34.93,64.94,268753.0,499614.0,1029.0,1976,,1029.0,0.13,DEM
California,45.0,0.0,7867117.0,49.35,47.57,3882244.0,3742284.0,242589.0,1976,,242589.0,3.08,REP
Colorado,7.0,0.0,1081135.0,54.05,42.58,584367.0,460353.0,36415.0,1976,,36415.0,3.37,REP
Connecticut,8.0,0.0,1381526.0,52.06,46.9,719261.0,647895.0,14370.0,1976,,14370.0,1.04,REP
Delaware,0.0,3.0,235834.0,46.57,51.98,109831.0,122596.0,3407.0,1976,,3407.0,1.44,DEM
D. C.,0.0,3.0,168830.0,16.51,81.63,27873.0,137818.0,3139.0,1976,,3139.0,1.86,DEM
Florida,0.0,17.0,3150631.0,46.64,51.93,1469531.0,1636000.0,45100.0,1976,,45100.0,1.43,DEM
Georgia,0.0,12.0,1467458.0,32.96,66.74,483743.0,979409.0,4306.0,1976,,4306.0,0.29,DEM
Hawaii,0.0,4.0,291301.0,48.06,50.59,140003.0,147375.0,3923.0,1976,,3923.0,1.35,DEM
Idaho,4.0,0.0,340932.0,59.88,37.12,204151.0,126549.0,10232.0,1976,,10232.0,3.0,REP
Illinois,26.0,0.0,4718833.0,50.1,48.13,2364269.0,2271295.0,83269.0,1976,,83269.0,1.76,REP
Indiana,13.0,0.0,2220362.0,53.32,45.7,1183958.0,1014714.0,21690.0,1976,,21690.0,0.98,REP
Iowa,8.0,0.0,1279306.0,49.47,48.46,632863.0,619931.0,26512.0,1976,,26512.0,2.07,REP
Kansas,7.0,0.0,957845.0,52.49,44.94,502752.0,430421.0,24672.0,1976,,24672.0,2.58,REP
Kentucky,0.0,9.0,1167142.0,45.57,52.75,531852.0,615717.0,19573.0,1976,,19573.0,1.68,DEM
Louisiana,0.0,10.0,1278439.0,45.95,51.73,587446.0,661365.0,29628.0,1976,,29628.0,2.32,DEM
Maine,4.0,0.0,483208.0,48.91,48.07,236320.0,232279.0,14609.0,1976,,14609.0,3.02,REP
Maryland,0.0,10.0,1432273.0,46.96,53.04,672661.0,759612.0,0.0,1976,,0.0,0.0,DEM
Massachusetts,0.0,14.0,2547558.0,40.44,56.11,1030276.0,1429475.0,87807.0,1976,,87807.0,3.45,DEM
Michigan,21.0,0.0,3653749.0,51.83,46.44,1893742.0,1696714.0,63293.0,1976,,63293.0,1.73,REP
Minnesota,0.0,10.0,1949931.0,42.02,54.9,819395.0,1070440.0,60096.0,1976,,60096.0,3.08,DEM
Mississippi,0.0,7.0,769360.0,47.68,49.56,366846.0,381309.0,21205.0,1976,,21205.0,2.76,DEM
Missouri,0.0,12.0,1953600.0,47.47,51.1,927443.0,998387.0,27770.0,1976,,27770.0,1.42,DEM
Montana,4.0,0.0,328734.0,52.84,45.4,173703.0,149259.0,5772.0,1976,,5772.0,1.76,REP
Nebraska,5.0,0.0,607668.0,59.19,38.46,359705.0,233692.0,14271.0,1976,,14271.0,2.35,REP
Nevada,3.0,0.0,201876.0,50.17,45.81,101273.0,92479.0,8124.0,1976,,8124.0,4.02,REP
New Hampshire,4.0,0.0,339618.0,54.75,43.47,185935.0,147635.0,6048.0,1976,,6048.0,1.78,REP
New Jersey,17.0,0.0,3014472.0,50.08,47.92,1509688.0,1444653.0,60131.0,1976,,60131.0,1.99,REP
New Mexico,4.0,0.0,416590.0,50.75,48.28,211419.0,201148.0,4023.0,1976,,4023.0,0.97,REP
New York,0.0,41.0,6534420.0,47.45,51.87,3100791.0,3389558.0,44071.0,1976,,44071.0,0.67,DEM
North Carolina,0.0,13.0,1677906.0,44.22,55.27,741960.0,927365.0,8581.0,1976,,8581.0,0.51,DEM
North Dakota,3.0,0.0,297094.0,51.66,45.8,153470.0,136078.0,7546.0,1976,,7546.0,2.54,REP
Ohio,0.0,25.0,4111873.0,48.65,48.92,2000505.0,2011621.0,99747.0,1976,,99747.0,2.43,DEM
Oklahoma,8.0,0.0,1092251.0,49.96,48.75,545708.0,532442.0,14101.0,1976,,14101.0,1.29,REP
Oregon,6.0,0.0,1029876.0,47.78,47.62,492120.0,490407.0,47349.0,1976,,47349.0,4.6,REP
Pennsylvania,0.0,27.0,4620787.0,47.73,50.4,2205604.0,2328677.0,86506.0,1976,,86506.0,1.87,DEM
Rhode Island,0.0,4.0,411170.0,44.08,55.36,181249.0,227636.0,2285.0,1976,,2285.0,0.56,DEM
South Carolina,0.0,8.0,802594.0,43.13,56.17,346140.0,450825.0,5629.0,1976,,5629.0,0.7,DEM
South Dakota,4.0,0.0,300678.0,50.39,48.91,151505.0,147068.0,2105.0,1976,,2105.0,0.7,REP
Tennessee,0.0,10.0,1476346.0,42.94,55.94,633969.0,825879.0,16498.0,1976,,16498.0,1.12,DEM
Texas,0.0,26.0,4071884.0,47.97,51.14,1953300.0,2082319.0,36265.0,1976,,36265.0,0.89,DEM
Utah,4.0,0.0,541198.0,62.44,33.65,337908.0,182110.0,21180.0,1976,,21180.0,3.91,REP
Vermont,3.0,0.0,187855.0,54.34,43.14,102085.0,81044.0,4726.0,1976,,4726.0,2.52,REP
Virginia,12.0,0.0,1697094.0,49.29,47.96,836554.0,813896.0,46644.0,1976,,46644.0,2.75,REP
Washington,8.0,0.0,1555534.0,50.0,46.11,777732.0,717323.0,60479.0,1976,,60479.0,3.89,REP
West Virginia,0.0,6.0,750674.0,41.93,58.07,314760.0,435914.0,0.0,1976,,0.0,0.0,DEM
Wisconsin,0.0,11.0,2101336.0,47.83,49.5,1004987.0,1040232.0,56117.0,1976,,56117.0,2.67,DEM
Wyoming,3.0,0.0,156343.0,59.3,39.81,92717.0,62239.0,1387.0,1976,,1387.0,0.89,REP
Alabama,9.0,0.0,1341929.0,47.45,48.75,636730.0,654192.0,16481.0,1980,34526.0,51007.0,3.8,REP
Alaska,3.0,0.0,158445.0,26.41,54.35,41842.0,86112.0,11155.0,1980,19336.0,30491.0,19.24,REP
Arizona,6.0,0.0,873945.0,28.24,60.61,246843.0,529688.0,76952.0,1980,20462.0,97414.0,11.15,REP
Arkansas,6.0,0.0,837582.0,47.52,48.13,398041.0,403164.0,22468.0,1980,13909.0,36377.0,4.34,REP
California,45.0,0.0,8587063.0,35.91,52.69,3083661.0,4524858.0,739833.0,1980,238711.0,978544.0,11.4,REP
Colorado,7.0,0.0,1184415.0,31.07,55.07,367973.0,652264.0,130633.0,1980,33545.0,164178.0,13.86,REP
Connecticut,8.0,0.0,1406285.0,38.52,48.16,541732.0,677210.0,171807.0,1980,15536.0,187343.0,13.32,REP
Delaware,3.0,0.0,235668.0,44.87,47.21,105754.0,111252.0,16288.0,1980,2374.0,18662.0,7.92,REP
D. C.,0.0,3.0,173889.0,74.89,13.41,130231.0,23313.0,16131.0,1980,4214.0,20345.0,11.7,DEM
Florida,17.0,0.0,3687026.0,38.5,55.52,1419475.0,2046951.0,189692.0,1980,30908.0,220600.0,5.98,REP
Georgia,0.0,12.0,1597467.0,55.76,40.95,890733.0,654168.0,36055.0,1980,16511.0,52566.0,3.29,DEM
Hawaii,0.0,4.0,303287.0,44.8,42.9,135879.0,130112.0,32021.0,1980,5275.0,37296.0,12.3,DEM
Idaho,4.0,0.0,437431.0,25.19,66.46,110192.0,290699.0,27058.0,1980,9482.0,36540.0,8.35,REP
Illinois,26.0,0.0,4749721.0,41.72,49.65,1981413.0,2358049.0,346754.0,1980,63505.0,410259.0,8.64,REP
Indiana,13.0,0.0,2242033.0,37.65,56.01,844197.0,1255656.0,111639.0,1980,30541.0,142180.0,6.34,REP
Iowa,8.0,0.0,1317661.0,38.6,51.31,508672.0,676026.0,115633.0,1980,17330.0,132963.0,10.09,REP
Kansas,7.0,0.0,979795.0,33.29,57.85,326150.0,566812.0,68231.0,1980,18602.0,86833.0,8.86,REP
Kentucky,9.0,0.0,1294627.0,47.61,49.07,616417.0,635274.0,31127.0,1980,11809.0,42936.0,3.32,REP
Louisiana,10.0,0.0,1548591.0,45.75,51.2,708453.0,792853.0,26345.0,1980,20940.0,47285.0,3.05,REP
Maine,4.0,0.0,523011.0,42.25,45.61,220974.0,238522.0,53327.0,1980,10188.0,63515.0,12.14,REP
Maryland,0.0,10.0,1540496.0,47.14,44.18,726161.0,680606.0,119537.0,1980,14192.0,133729.0,8.68,DEM
Massachusetts,14.0,0.0,2524298.0,41.75,41.9,1053802.0,1057631.0,382539.0,1980,30326.0,412865.0,16.36,REP
Michigan,21.0,0.0,3909725.0,42.5,48.99,1661532.0,1915225.0,275223.0,1980,57745.0,332968.0,8.52,REP
Minnesota,0.0,10.0,2051953.0,46.5,42.56,954174.0,873241.0,174990.0,1980,49548.0,224538.0,10.94,DEM
Mississippi,7.0,0.0,892620.0,48.09,49.42,429281.0,441089.0,12036.0,1980,10214.0,22250.0,2.49,REP
Missouri,12.0,0.0,2099824.0,44.35,51.16,931182.0,1074181.0,77920.0,1980,16541.0,94461.0,4.5,REP
Montana,4.0,0.0,363952.0,32.43,56.82,118032.0,206814.0,29281.0,1980,9825.0,39106.0,10.74,REP
Nebraska,5.0,0.0,640854.0,26.04,65.53,166851.0,419937.0,44993.0,1980,9073.0,54066.0,8.44,REP
Nevada,3.0,0.0,247885.0,26.89,62.54,66666.0,155017.0,17651.0,1980,8551.0,26202.0,10.57,REP
New Hampshire,4.0,0.0,383999.0,28.35,57.74,108864.0,221705.0,49693.0,1980,3737.0,53430.0,13.91,REP
New Jersey,17.0,0.0,2975684.0,38.56,51.97,1147364.0,1546557.0,234632.0,1980,47131.0,281763.0,9.47,REP
New Mexico,4.0,0.0,456237.0,36.78,54.97,167826.0,250779.0,29459.0,1980,8173.0,37632.0,8.25,REP
New York,41.0,0.0,6201959.0,43.99,46.66,2728372.0,2893831.0,467801.0,1980,111955.0,579756.0,9.35,REP
North Carolina,13.0,0.0,1855833.0,47.18,49.3,875635.0,915018.0,52800.0,1980,12380.0,65180.0,3.51,REP
North Dakota,3.0,0.0,301545.0,26.26,64.23,79189.0,193695.0,23640.0,1980,5021.0,28661.0,9.5,REP
Ohio,25.0,0.0,4283603.0,40.91,51.51,1752414.0,2206545.0,254472.0,1980,70172.0,324644.0,7.58,REP
Oklahoma,8.0,0.0,1149708.0,34.97,60.5,402026.0,695570.0,38284.0,1980,13828.0,52112.0,4.53,REP
Oregon,6.0,0.0,1181516.0,38.67,48.33,456890.0,571044.0,112389.0,1980,41193.0,153582.0,13.0,REP
Pennsylvania,27.0,0.0,4561501.0,42.48,49.59,1937540.0,2261872.0,292921.0,1980,69168.0,362089.0,7.94,REP
Rhode Island,0.0,4.0,416072.0,47.67,37.2,198342.0,154793.0,59819.0,1980,3118.0,62937.0,15.13,DEM
South Carolina,8.0,0.0,890083.0,48.04,49.57,427560.0,441207.0,14150.0,1980,7166.0,21316.0,2.39,REP
South Dakota,4.0,0.0,327703.0,31.69,60.53,103855.0,198343.0,21431.0,1980,4074.0,25505.0,7.78,REP
Tennessee,10.0,0.0,1617616.0,48.41,48.7,783051.0,787761.0,35991.0,1980,10813.0,46804.0,2.89,REP
Texas,26.0,0.0,4541637.0,41.42,55.28,1881147.0,2510705.0,111613.0,1980,38172.0,149785.0,3.3,REP
Utah,4.0,0.0,604222.0,20.57,72.77,124266.0,439687.0,30284.0,1980,9985.0,40269.0,6.66,REP
Vermont,3.0,0.0,213207.0,38.41,44.37,81891.0,94598.0,31760.0,1980,4958.0,36718.0,17.22,REP
Virginia,12.0,0.0,1866032.0,40.31,53.03,752174.0,989609.0,95418.0,1980,28831.0,124249.0,6.66,REP
Washington,9.0,0.0,1742394.0,37.32,49.66,650193.0,865244.0,185073.0,1980,41884.0,226957.0,13.03,REP
West Virginia,0.0,6.0,737715.0,49.81,45.3,367462.0,334206.0,31691.0,1980,4356.0,36047.0,4.89,DEM
Wisconsin,11.0,0.0,2273221.0,43.18,47.9,981584.0,1088845.0,160657.0,1980,42135.0,202792.0,8.92,REP
Wyoming,3.0,0.0,176713.0,27.97,62.64,49427.0,110700.0,12072.0,1980,4514.0,16586.0,9.39,REP
Alabama,9.0,0.0,1441713.0,38.28,60.54,551899.0,872849.0,16965.0,1984,,16965.0,1.18,REP
Alaska,3.0,0.0,207605.0,29.87,66.65,62007.0,138377.0,7221.0,1984,,7221.0,3.48,REP
Arizona,7.0,0.0,1025897.0,32.54,66.42,333854.0,681416.0,10627.0,1984,,10627.0,1.04,REP
Arkansas,6.0,0.0,884406.0,38.29,60.47,338646.0,534774.0,10986.0,1984,,10986.0,1.24,REP
California,47.0,0.0,9505423.0,41.27,57.51,3922519.0,5467009.0,115895.0,1984,,115895.0,1.22,REP
Colorado,8.0,0.0,1295381.0,35.12,63.44,454974.0,821818.0,18589.0,1984,,18589.0,1.44,REP
Connecticut,8.0,0.0,1466900.0,38.83,60.73,569597.0,890877.0,6426.0,1984,,6426.0,0.44,REP
Delaware,3.0,0.0,254572.0,39.93,59.78,101656.0,152190.0,726.0,1984,,726.0,0.29,REP
D. C.,0.0,3.0,211288.0,85.38,13.73,180408.0,29009.0,1871.0,1984,,1871.0,0.89,DEM
Florida,21.0,0.0,4180051.0,34.66,65.32,1448816.0,2730350.0,885.0,1984,,885.0,0.02,REP
Georgia,12.0,0.0,1776093.0,39.79,60.17,706628.0,1068722.0,743.0,1984,,743.0,0.04,REP
Hawaii,4.0,0.0,335846.0,43.82,55.1,147154.0,185050.0,3642.0,1984,,3642.0,1.08,REP
Idaho,4.0,0.0,411144.0,26.39,72.36,108510.0,297523.0,5111.0,1984,,5111.0,1.24,REP
Illinois,24.0,0.0,4819088.0,43.3,56.17,2086499.0,2707103.0,25486.0,1984,,25486.0,0.53,REP
Indiana,12.0,0.0,2233069.0,37.68,61.67,841481.0,1377230.0,14358.0,1984,,14358.0,0.64,REP
Iowa,8.0,0.0,1319805.0,45.89,53.27,605620.0,703088.0,11097.0,1984,,11097.0,0.84,REP
Kansas,7.0,0.0,1021991.0,32.6,66.27,333149.0,677296.0,11546.0,1984,,11546.0,1.13,REP
Kentucky,9.0,0.0,1370461.0,39.37,60.04,539589.0,822782.0,8090.0,1984,,8090.0,0.59,REP
Louisiana,10.0,0.0,1706822.0,38.18,60.77,651586.0,1037299.0,17937.0,1984,,17937.0,1.05,REP
Maine,4.0,0.0,553144.0,38.78,60.83,214515.0,336500.0,2129.0,1984,,2129.0,0.38,REP
Maryland,10.0,0.0,1675873.0,47.02,52.51,787935.0,879918.0,8020.0,1984,,8020.0,0.48,REP
Massachusetts,13.0,0.0,2559453.0,48.43,51.22,1239606.0,1310936.0,8911.0,1984,,8911.0,0.35,REP
Michigan,20.0,0.0,3801658.0,40.24,59.23,1529638.0,2251571.0,20449.0,1984,,20449.0,0.54,REP
Minnesota,0.0,10.0,2084449.0,49.72,49.54,1036364.0,1032603.0,15482.0,1984,,15482.0,0.74,DEM
Mississippi,7.0,0.0,940192.0,37.46,61.85,352192.0,581477.0,6523.0,1984,,6523.0,0.69,REP
Missouri,11.0,0.0,2122771.0,39.98,60.02,848583.0,1274188.0,0.0,1984,,0.0,0.0,REP
Montana,4.0,0.0,384377.0,38.18,60.47,146742.0,232450.0,5185.0,1984,,5185.0,1.35,REP
Nebraska,5.0,0.0,652090.0,28.81,70.55,187866.0,460054.0,4170.0,1984,,4170.0,0.64,REP
Nevada,4.0,0.0,286667.0,31.97,65.85,91655.0,188770.0,6242.0,1984,,6242.0,2.18,REP
New Hampshire,4.0,0.0,388954.0,30.95,68.66,120395.0,267051.0,1508.0,1984,,1508.0,0.39,REP
New Jersey,16.0,0.0,3217862.0,39.2,60.09,1261323.0,1933630.0,22909.0,1984,,22909.0,0.71,REP
New Mexico,5.0,0.0,514370.0,39.23,59.7,201769.0,307101.0,5500.0,1984,,5500.0,1.07,REP
New York,36.0,0.0,6806810.0,45.83,53.84,3119609.0,3664763.0,22438.0,1984,,22438.0,0.33,REP
North Carolina,13.0,0.0,2175361.0,37.89,61.9,824287.0,1346481.0,4593.0,1984,,4593.0,0.21,REP
North Dakota,3.0,0.0,308971.0,33.8,64.84,104429.0,200336.0,4206.0,1984,,4206.0,1.36,REP
Ohio,23.0,0.0,4547619.0,40.14,58.9,1825440.0,2678560.0,43619.0,1984,,43619.0,0.96,REP
Oklahoma,8.0,0.0,1255676.0,30.67,68.61,385080.0,861530.0,9066.0,1984,,9066.0,0.72,REP
Oregon,7.0,0.0,1226527.0,43.74,55.91,536479.0,685700.0,4348.0,1984,,4348.0,0.35,REP
Pennsylvania,25.0,0.0,4844903.0,45.99,53.34,2228131.0,2584323.0,32449.0,1984,,32449.0,0.67,REP
Rhode Island,4.0,0.0,410492.0,48.02,51.66,197106.0,212080.0,1306.0,1984,,1306.0,0.32,REP
South Carolina,8.0,0.0,968540.0,35.57,63.55,344470.0,615539.0,8531.0,1984,,8531.0,0.88,REP
South Dakota,3.0,0.0,317867.0,36.53,63.0,116113.0,200267.0,1487.0,1984,,1487.0,0.47,REP
Tennessee,11.0,0.0,1711993.0,41.57,57.84,711714.0,990212.0,10067.0,1984,,10067.0,0.59,REP
Texas,29.0,0.0,5397571.0,36.11,63.61,1949276.0,3433428.0,14867.0,1984,,14867.0,0.28,REP
Utah,5.0,0.0,629656.0,24.68,74.5,155369.0,469105.0,5182.0,1984,,5182.0,0.82,REP
Vermont,3.0,0.0,234561.0,40.81,57.92,95730.0,135865.0,2966.0,1984,,2966.0,1.26,REP
Virginia,12.0,0.0,2146635.0,37.09,62.29,796250.0,1337078.0,13307.0,1984,,13307.0,0.62,REP
Washington,10.0,0.0,1883910.0,42.86,55.82,807352.0,1051670.0,24888.0,1984,,24888.0,1.32,REP
West Virginia,6.0,0.0,735742.0,44.6,55.11,328125.0,405483.0,2134.0,1984,,2134.0,0.29,REP
Wisconsin,11.0,0.0,2212016.0,45.02,54.19,995847.0,1198800.0,17369.0,1984,,17369.0,0.79,REP
Wyoming,3.0,0.0,188968.0,28.24,70.51,53370.0,133241.0,2357.0,1984,,2357.0,1.25,REP
Alabama,9.0,0.0,1378476.0,39.86,59.17,549506.0,815576.0,13394.0,1988,,13394.0,0.97,REP
Alaska,3.0,0.0,200116.0,36.27,59.59,72584.0,119251.0,8281.0,1988,,8281.0,4.14,REP
Arizona,7.0,0.0,1171873.0,38.74,59.95,454029.0,702541.0,15303.0,1988,,15303.0,1.31,REP
Arkansas,6.0,0.0,827738.0,42.19,56.37,349237.0,466578.0,11923.0,1988,,11923.0,1.44,REP
California,47.0,0.0,9887064.0,47.56,51.13,4702233.0,5054917.0,129914.0,1988,,129914.0,1.31,REP
Colorado,8.0,0.0,1372394.0,45.28,53.06,621453.0,728177.0,22764.0,1988,,22764.0,1.66,REP
Connecticut,8.0,0.0,1443394.0,46.87,51.98,676584.0,750241.0,16569.0,1988,,16569.0,1.15,REP
Delaware,3.0,0.0,249891.0,43.48,55.88,108647.0,139639.0,1605.0,1988,,1605.0,0.64,REP
D. C.,0.0,3.0,192877.0,82.65,14.3,159407.0,27590.0,5880.0,1988,,5880.0,3.05,DEM
Florida,21.0,0.0,4302313.0,38.51,60.87,1656701.0,2618885.0,26727.0,1988,,26727.0,0.62,REP
Georgia,12.0,0.0,1809672.0,39.5,59.75,714792.0,1081331.0,13549.0,1988,,13549.0,0.75,REP
Hawaii,0.0,4.0,354461.0,54.27,44.75,192364.0,158625.0,3472.0,1988,,3472.0,0.98,DEM
Idaho,4.0,0.0,408968.0,36.01,62.08,147272.0,253881.0,7815.0,1988,,7815.0,1.91,REP
Illinois,24.0,0.0,4559120.0,48.6,50.69,2215940.0,2310939.0,32241.0,1988,,32241.0,0.71,REP
Indiana,12.0,0.0,2168621.0,39.69,59.84,860643.0,1297763.0,10215.0,1988,,10215.0,0.47,REP
Iowa,0.0,8.0,1225614.0,54.71,44.5,670557.0,545355.0,9702.0,1988,,9702.0,0.79,DEM
Kansas,7.0,0.0,993044.0,42.56,55.79,422636.0,554049.0,16359.0,1988,,16359.0,1.65,REP
Kentucky,9.0,0.0,1322517.0,43.88,55.52,580368.0,734281.0,7868.0,1988,,7868.0,0.59,REP
Louisiana,10.0,0.0,1628202.0,44.06,54.27,717460.0,883702.0,27040.0,1988,,27040.0,1.66,REP
Maine,4.0,0.0,555035.0,43.88,55.34,243569.0,307131.0,4335.0,1988,,4335.0,0.78,REP
Maryland,10.0,0.0,1714358.0,48.2,51.11,826304.0,876167.0,11887.0,1988,,11887.0,0.69,REP
Massachusetts,0.0,13.0,2632805.0,53.23,45.37,1401415.0,1194635.0,36755.0,1988,,36755.0,1.4,DEM
Michigan,20.0,0.0,3669163.0,45.67,53.57,1675783.0,1965486.0,27894.0,1988,,27894.0,0.76,REP
Minnesota,0.0,10.0,2096790.0,52.91,45.9,1109471.0,962337.0,24982.0,1988,,24982.0,1.19,DEM
Mississippi,7.0,0.0,931527.0,39.07,59.89,363921.0,557890.0,9716.0,1988,,9716.0,1.04,REP
Missouri,11.0,0.0,2093228.0,47.85,51.83,1001619.0,1084953.0,6656.0,1988,,6656.0,0.32,REP
Montana,4.0,0.0,365674.0,46.2,52.07,168936.0,190412.0,6326.0,1988,,6326.0,1.73,REP
Nebraska,5.0,0.0,662372.0,39.2,60.15,259646.0,398447.0,4279.0,1988,,4279.0,0.65,REP
Nevada,4.0,0.0,350067.0,37.92,58.86,132738.0,206040.0,11289.0,1988,,11289.0,3.22,REP
New Hampshire,4.0,0.0,450525.0,36.33,62.49,163696.0,281537.0,5292.0,1988,,5292.0,1.17,REP
New Jersey,16.0,0.0,3099553.0,42.6,56.24,1320352.0,1743192.0,36009.0,1988,,36009.0,1.16,REP
New Mexico,5.0,0.0,521287.0,46.9,51.86,244497.0,270341.0,6449.0,1988,,6449.0,1.24,REP
New York,0.0,36.0,6485683.0,51.62,47.52,3347882.0,3081871.0,55930.0,1988,,55930.0,0.86,DEM
North Carolina,13.0,0.0,2134370.0,41.71,57.97,890167.0,1237258.0,6945.0,1988,,6945.0,0.33,REP
North Dakota,3.0,0.0,297261.0,42.97,56.03,127739.0,166559.0,2963.0,1988,,2963.0,1.0,REP
Ohio,23.0,0.0,4393699.0,44.15,55.0,1939629.0,2416549.0,37521.0,1988,,37521.0,0.85,REP
Oklahoma,8.0,0.0,1171036.0,41.28,57.93,483423.0,678367.0,9246.0,1988,,9246.0,0.79,REP
Oregon,0.0,7.0,1201694.0,51.28,46.61,616206.0,560126.0,25362.0,1988,,25362.0,2.11,DEM
Pennsylvania,25.0,0.0,4536251.0,48.39,50.7,2194944.0,2300087.0,41220.0,1988,,41220.0,0.91,REP
Rhode Island,0.0,4.0,404620.0,55.64,43.93,225123.0,177761.0,1736.0,1988,,1736.0,0.43,DEM
South Carolina,8.0,0.0,986009.0,37.58,61.5,370554.0,606443.0,9012.0,1988,,9012.0,0.91,REP
South Dakota,3.0,0.0,312991.0,46.51,52.85,145560.0,165415.0,2016.0,1988,,2016.0,0.64,REP
Tennessee,11.0,0.0,1636250.0,41.55,57.89,679794.0,947233.0,9223.0,1988,,9223.0,0.56,REP
Texas,29.0,0.0,5427410.0,43.35,55.95,2352748.0,3036829.0,37833.0,1988,,37833.0,0.7,REP
Utah,5.0,0.0,647008.0,32.05,66.22,207343.0,428442.0,11223.0,1988,,11223.0,1.73,REP
Vermont,3.0,0.0,243333.0,47.58,51.1,115775.0,124331.0,3227.0,1988,,3227.0,1.33,REP
Virginia,12.0,0.0,2191609.0,39.23,59.74,859799.0,1309162.0,22648.0,1988,,22648.0,1.03,REP
Washington,0.0,10.0,1865253.0,50.05,48.46,933516.0,903835.0,27902.0,1988,,27902.0,1.5,DEM
West Virginia,0.0,5.0,653311.0,52.2,47.46,341016.0,310065.0,2230.0,1988,,2230.0,0.34,DEM
Wisconsin,0.0,11.0,2191608.0,51.41,47.8,1126794.0,1047499.0,17315.0,1988,,17315.0,0.79,DEM
Wyoming,3.0,0.0,176551.0,38.01,60.53,67113.0,106867.0,2571.0,1988,,2571.0,1.46,REP
Alabama,9.0,0.0,1688060.0,47.65,40.88,804283.0,690080.0,183109.0,1992,10588.0,193697.0,11.47,REP
Alaska,3.0,0.0,258506.0,39.46,30.29,102000.0,78294.0,73481.0,1992,4731.0,78212.0,30.26,REP
Arizona,8.0,0.0,1487006.0,38.47,36.52,572086.0,543050.0,353741.0,1992,18129.0,371870.0,25.01,REP
Arkansas,0.0,6.0,950653.0,35.48,53.21,337324.0,505823.0,99132.0,1992,8374.0,107506.0,11.31,DEM
California,0.0,54.0,11131721.0,32.61,46.01,3630574.0,5121325.0,2296006.0,1992,83816.0,2379822.0,21.38,DEM
Colorado,0.0,8.0,1569180.0,35.87,40.13,562850.0,629681.0,366010.0,1992,10639.0,376649.0,24.0,DEM
Connecticut,0.0,8.0,1616332.0,35.78,42.21,578313.0,682318.0,348771.0,1992,6930.0,355701.0,22.01,DEM
Delaware,0.0,3.0,289735.0,35.31,43.51,102313.0,126054.0,59213.0,1992,2155.0,61368.0,21.18,DEM
D. C.,0.0,3.0,227572.0,9.1,84.64,20698.0,192619.0,9681.0,1992,4574.0,14255.0,6.26,DEM
Florida,25.0,0.0,5314392.0,40.89,39.0,2173310.0,2072698.0,1053067.0,1992,15317.0,1068384.0,20.1,REP
Georgia,0.0,13.0,2321133.0,42.88,43.47,995252.0,1008966.0,309657.0,1992,7258.0,316915.0,13.65,DEM
Hawaii,0.0,4.0,372842.0,36.7,48.09,136822.0,179310.0,53003.0,1992,3707.0,56710.0,15.21,DEM
Idaho,4.0,0.0,482142.0,42.03,28.42,202645.0,137013.0,130395.0,1992,12089.0,142484.0,29.55,REP
Illinois,0.0,22.0,5050157.0,34.34,48.58,1734096.0,2453350.0,840515.0,1992,22196.0,862711.0,17.08,DEM
Indiana,12.0,0.0,2305871.0,42.91,36.79,989375.0,848420.0,455934.0,1992,12142.0,468076.0,20.3,REP
Iowa,0.0,7.0,1354607.0,37.27,43.29,504891.0,586353.0,253468.0,1992,9895.0,263363.0,19.44,DEM
Kansas,6.0,0.0,1157236.0,38.88,33.74,449951.0,390434.0,312358.0,1992,4493.0,316851.0,27.38,REP
Kentucky,0.0,8.0,1492900.0,41.34,44.55,617178.0,665104.0,203944.0,1992,6674.0,210618.0,14.11,DEM
Louisiana,0.0,9.0,1790017.0,40.97,45.58,733386.0,815971.0,211478.0,1992,29182.0,240660.0,13.44,DEM
Maine,0.0,4.0,679499.0,30.39,38.77,206504.0,263420.0,206820.0,1992,2755.0,209575.0,30.84,DEM
Maryland,0.0,10.0,1985046.0,35.62,49.8,707094.0,988571.0,281414.0,1992,7967.0,289381.0,14.58,DEM
Massachusetts,0.0,12.0,2773574.0,29.03,47.54,805049.0,1318662.0,632312.0,1992,17551.0,649863.0,23.43,DEM
Michigan,0.0,18.0,4274673.0,36.38,43.77,1554940.0,1871182.0,824813.0,1992,23738.0,848551.0,19.85,DEM
Minnesota,0.0,10.0,2347948.0,31.85,43.48,747841.0,1020997.0,562506.0,1992,16604.0,579110.0,24.66,DEM
Mississippi,7.0,0.0,981793.0,49.68,40.77,487793.0,400258.0,85626.0,1992,8116.0,93742.0,9.55,REP
Missouri,0.0,11.0,2391565.0,33.92,44.07,811159.0,1053873.0,518741.0,1992,7792.0,526533.0,22.02,DEM
Montana,0.0,3.0,410611.0,35.12,37.63,144207.0,154507.0,107225.0,1992,4672.0,111897.0,27.25,DEM
Nebraska,5.0,0.0,739283.0,46.58,29.4,344346.0,217344.0,174687.0,1992,2906.0,177593.0,24.02,REP
Nevada,0.0,4.0,506318.0,34.73,37.36,175828.0,189148.0,132580.0,1992,8762.0,141342.0,27.92,DEM
New Hampshire,0.0,4.0,537945.0,37.64,38.86,202484.0,209040.0,121337.0,1992,5084.0,126421.0,23.5,DEM
New Jersey,0.0,15.0,3343594.0,40.58,42.95,1356865.0,1436206.0,521829.0,1992,28694.0,550523.0,16.47,DEM
New Mexico,0.0,5.0,569986.0,37.34,45.9,212824.0,261617.0,91895.0,1992,3650.0,95545.0,16.76,DEM
New York,0.0,33.0,6926925.0,33.88,49.73,2346649.0,3444450.0,1090721.0,1992,45105.0,1135826.0,16.4,DEM
North Carolina,14.0,0.0,2611850.0,43.44,42.65,1134661.0,1114042.0,357864.0,1992,5283.0,363147.0,13.9,REP
North Dakota,3.0,0.0,308133.0,44.22,32.18,136244.0,99168.0,71084.0,1992,1637.0,72721.0,23.6,REP
Ohio,0.0,21.0,4939964.0,38.35,40.18,1894310.0,1984942.0,1036426.0,1992,24286.0,1060712.0,21.47,DEM
Oklahoma,8.0,0.0,1390359.0,42.65,34.02,592929.0,473066.0,319878.0,1992,4486.0,324364.0,23.33,REP
Oregon,0.0,7.0,1462643.0,32.53,42.48,475757.0,621314.0,354091.0,1992,11481.0,365572.0,24.99,DEM
Pennsylvania,0.0,23.0,4959810.0,36.13,45.15,1791841.0,2239164.0,902667.0,1992,26138.0,928805.0,18.73,DEM
Rhode Island,0.0,4.0,453478.0,29.02,47.04,131601.0,213299.0,105045.0,1992,3533.0,108578.0,23.94,DEM
South Carolina,8.0,0.0,1202527.0,48.02,39.88,577507.0,479514.0,138872.0,1992,6634.0,145506.0,12.1,REP
South Dakota,3.0,0.0,336254.0,40.66,37.14,136718.0,124888.0,73295.0,1992,1353.0,74648.0,22.2,REP
Tennessee,0.0,11.0,1982638.0,42.43,47.08,841300.0,933521.0,199968.0,1992,7849.0,207817.0,10.48,DEM
Texas,32.0,0.0,6154018.0,40.56,37.08,2496071.0,2281815.0,1354781.0,1992,21351.0,1376132.0,22.36,REP
Utah,5.0,0.0,744069.0,43.36,24.65,322632.0,183429.0,203400.0,1992,34608.0,238008.0,31.99,REP
Vermont,0.0,3.0,289701.0,30.42,46.11,88122.0,133592.0,65991.0,1992,1996.0,67987.0,23.47,DEM
Virginia,13.0,0.0,2558665.0,44.97,40.59,1150517.0,1038650.0,348639.0,1992,20859.0,369498.0,14.44,REP
Washington,0.0,11.0,2288230.0,31.96,43.4,731234.0,993037.0,541780.0,1992,22179.0,563959.0,24.65,DEM
West Virginia,0.0,5.0,683711.0,35.39,48.41,241974.0,331001.0,108829.0,1992,1907.0,110736.0,16.2,DEM
Wisconsin,0.0,11.0,2531114.0,36.78,41.13,930855.0,1041066.0,544479.0,1992,14714.0,559193.0,22.09,DEM
Wyoming,3.0,0.0,200625.0,39.55,33.97,79347.0,68160.0,51263.0,1992,1855.0,53118.0,26.48,REP
Alabama,9.0,0.0,1534349.0,50.12,43.16,769044.0,662165.0,92149.0,1996,10991.0,103140.0,6.72,REP
Alaska,3.0,0.0,241620.0,50.8,33.27,122746.0,80380.0,26333.0,1996,12161.0,38494.0,15.93,REP
Arizona,0.0,8.0,1404405.0,44.29,46.52,622073.0,653288.0,112072.0,1996,16972.0,129044.0,9.19,DEM
Arkansas,0.0,6.0,884262.0,36.8,53.74,325416.0,475171.0,69884.0,1996,13791.0,83675.0,9.46,DEM
California,0.0,54.0,10019484.0,38.21,51.1,3828380.0,5119835.0,697847.0,1996,373422.0,1071269.0,10.69,DEM
Colorado,8.0,0.0,1510704.0,45.8,44.43,691848.0,671152.0,99629.0,1996,48075.0,147704.0,9.78,REP
Connecticut,0.0,8.0,1392614.0,34.69,52.83,483109.0,735740.0,139523.0,1996,34242.0,173765.0,12.48,DEM
Delaware,0.0,3.0,271084.0,36.54,51.78,99062.0,140355.0,28719.0,1996,2948.0,31667.0,11.68,DEM
D. C.,0.0,3.0,185726.0,9.34,85.19,17339.0,158220.0,3611.0,1996,6556.0,10167.0,5.47,DEM
Florida,0.0,25.0,5303794.0,42.32,48.02,2244536.0,2546870.0,483870.0,1996,28518.0,512388.0,9.66,DEM
Georgia,13.0,0.0,2299071.0,47.01,45.84,1080843.0,1053849.0,146337.0,1996,18042.0,164379.0,7.15,REP
Hawaii,0.0,4.0,360120.0,31.64,56.93,113943.0,205012.0,27358.0,1996,13807.0,41165.0,11.43,DEM
Idaho,4.0,0.0,491719.0,52.18,33.65,256595.0,165443.0,62518.0,1996,7163.0,69681.0,14.17,REP
Illinois,0.0,22.0,4311391.0,36.81,54.32,1587021.0,2341744.0,346408.0,1996,36218.0,382626.0,8.87,DEM
Indiana,12.0,0.0,2135842.0,47.13,41.55,1006693.0,887424.0,224299.0,1996,17426.0,241725.0,11.32,REP
Iowa,0.0,7.0,1234075.0,39.92,50.26,492644.0,620258.0,105159.0,1996,16014.0,121173.0,9.82,DEM
Kansas,6.0,0.0,1074300.0,54.29,36.08,583245.0,387659.0,92639.0,1996,10757.0,103396.0,9.62,REP
Kentucky,0.0,8.0,1388708.0,44.88,45.84,623283.0,636614.0,120396.0,1996,8415.0,128811.0,9.28,DEM
Louisiana,0.0,9.0,1783959.0,39.94,52.01,712586.0,927837.0,123293.0,1996,20243.0,143536.0,8.05,DEM
Maine,0.0,4.0,605897.0,30.76,51.62,186378.0,312788.0,85970.0,1996,20761.0,106731.0,17.62,DEM
Maryland,0.0,10.0,1780870.0,38.27,54.25,681530.0,966207.0,115812.0,1996,17321.0,133133.0,7.48,DEM
Massachusetts,0.0,12.0,2556785.0,28.09,61.47,718107.0,1571763.0,227217.0,1996,39698.0,266915.0,10.44,DEM
Michigan,0.0,18.0,3848844.0,38.48,51.69,1481212.0,1989653.0,336670.0,1996,41309.0,377979.0,9.82,DEM
Minnesota,0.0,10.0,2192640.0,34.96,51.1,766476.0,1120438.0,257704.0,1996,48022.0,305726.0,13.94,DEM
Mississippi,7.0,0.0,893857.0,49.21,44.08,439838.0,394022.0,52222.0,1996,7775.0,59997.0,6.71,REP
Missouri,0.0,11.0,2158065.0,41.24,47.54,890016.0,1025935.0,217188.0,1996,24926.0,242114.0,11.22,DEM
Montana,3.0,0.0,407261.0,44.11,41.23,179652.0,167922.0,55229.0,1996,4458.0,59687.0,14.66,REP
Nebraska,5.0,0.0,677415.0,53.65,34.95,363467.0,236761.0,71278.0,1996,5909.0,77187.0,11.39,REP
Nevada,0.0,4.0,464279.0,42.91,43.93,199244.0,203974.0,43986.0,1996,17075.0,61061.0,13.15,DEM
New Hampshire,0.0,4.0,499175.0,39.37,49.32,196532.0,246214.0,48390.0,1996,8039.0,56429.0,11.3,DEM
New Jersey,0.0,15.0,3075807.0,35.86,53.72,1103078.0,1652329.0,262134.0,1996,58266.0,320400.0,10.42,DEM
New Mexico,0.0,5.0,556074.0,41.86,49.18,232751.0,273495.0,32257.0,1996,17571.0,49828.0,8.96,DEM
New York,0.0,33.0,6316129.0,30.61,59.47,1933492.0,3756177.0,503458.0,1996,123002.0,626460.0,9.92,DEM
North Carolina,14.0,0.0,2515807.0,48.73,44.04,1225938.0,1107849.0,168059.0,1996,13961.0,182020.0,7.24,REP
North Dakota,3.0,0.0,266411.0,46.94,40.13,125050.0,106905.0,32515.0,1996,1941.0,34456.0,12.93,REP
Ohio,0.0,21.0,4534434.0,41.02,47.38,1859883.0,2148222.0,483207.0,1996,43122.0,526329.0,11.61,DEM
Oklahoma,8.0,0.0,1206713.0,48.26,40.45,582315.0,488105.0,130788.0,1996,5505.0,136293.0,11.29,REP
Oregon,0.0,7.0,1377760.0,39.06,47.15,538152.0,649641.0,121221.0,1996,68746.0,189967.0,13.79,DEM
Pennsylvania,0.0,23.0,4506118.0,39.97,49.17,1801169.0,2215819.0,430984.0,1996,58146.0,489130.0,10.85,DEM
Rhode Island,0.0,4.0,390284.0,26.82,59.71,104683.0,233050.0,43723.0,1996,8828.0,52551.0,13.46,DEM
South Carolina,8.0,0.0,1149457.0,49.89,43.85,573458.0,504051.0,64386.0,1996,7562.0,71948.0,6.26,REP
South Dakota,3.0,0.0,323826.0,46.49,43.03,150543.0,139333.0,31250.0,1996,2700.0,33950.0,10.48,REP
Tennessee,0.0,11.0,1894105.0,45.59,48.0,863530.0,909146.0,105918.0,1996,15511.0,121429.0,6.41,DEM
Texas,32.0,0.0,5611644.0,48.76,43.83,2736167.0,2459683.0,378537.0,1996,37257.0,415794.0,7.41,REP
Utah,5.0,0.0,665629.0,54.37,33.3,361911.0,221633.0,66461.0,1996,15624.0,82085.0,12.33,REP
Vermont,0.0,3.0,258449.0,31.09,53.35,80352.0,137894.0,31024.0,1996,9179.0,40203.0,15.56,DEM
Virginia,13.0,0.0,2416642.0,47.1,45.15,1138350.0,1091060.0,159861.0,1996,27371.0,187232.0,7.75,REP
Washington,0.0,11.0,2253837.0,37.3,49.84,840712.0,1123323.0,201003.0,1996,88799.0,289802.0,12.86,DEM
West Virginia,0.0,5.0,636459.0,36.76,51.51,233946.0,327812.0,71639.0,1996,3062.0,74701.0,11.74,DEM
Wisconsin,0.0,11.0,2196169.0,38.48,48.81,845029.0,1071971.0,227339.0,1996,51830.0,279169.0,12.71,DEM
Wyoming,3.0,0.0,211571.0,49.81,36.84,105388.0,77934.0,25928.0,1996,2321.0,28249.0,13.35,REP
Alabama,9.0,0.0,1672551.0,56.47,41.59,944409.0,695602.0,18349.0,2000,14191.0,32540.0,1.95,REP
Alaska,3.0,0.0,285560.0,58.62,27.67,167398.0,79004.0,28747.0,2000,10411.0,39158.0,13.71,REP
Arizona,8.0,0.0,1534113.0,50.95,44.67,781652.0,685341.0,45645.0,2000,21475.0,67120.0,4.38,REP
Arkansas,6.0,0.0,921781.0,51.31,45.86,472940.0,422768.0,13421.0,2000,12652.0,26073.0,2.83,REP
California,0.0,54.0,10965856.0,41.65,53.45,4567429.0,5861203.0,418707.0,2000,118517.0,537224.0,4.9,DEM
Colorado,8.0,0.0,1741365.0,50.75,42.39,883745.0,738227.0,91434.0,2000,27959.0,119393.0,6.86,REP
Connecticut,0.0,8.0,1459525.0,38.44,55.91,561094.0,816015.0,64452.0,2000,17964.0,82416.0,5.65,DEM
Delaware,0.0,3.0,327622.0,41.9,54.96,137288.0,180068.0,8307.0,2000,1959.0,10266.0,3.13,DEM
D. C.,0.0,2.0,201894.0,8.95,85.16,18073.0,171923.0,10576.0,2000,1322.0,11898.0,5.89,DEM
Florida,25.0,0.0,5963110.0,48.85,48.84,2912790.0,2912253.0,97488.0,2000,40579.0,138067.0,2.32,REP
Georgia,13.0,0.0,2596804.0,54.67,42.98,1419720.0,1116230.0,13432.0,2000,47422.0,60854.0,2.34,REP
Hawaii,0.0,4.0,367951.0,37.46,55.79,137845.0,205286.0,21623.0,2000,3197.0,24820.0,6.75,DEM
Idaho,4.0,0.0,501621.0,67.17,27.64,336937.0,138637.0,12292.0,2000,13755.0,26047.0,5.19,REP
Illinois,0.0,22.0,4742123.0,42.58,54.6,2019421.0,2589026.0,103759.0,2000,29917.0,133676.0,2.82,DEM
Indiana,12.0,0.0,2199302.0,56.65,41.01,1245836.0,901980.0,18531.0,2000,32955.0,51486.0,2.34,REP
Iowa,0.0,7.0,1315563.0,48.22,48.54,634373.0,638517.0,29374.0,2000,13299.0,42673.0,3.24,DEM
Kansas,6.0,0.0,1072216.0,58.04,37.24,622332.0,399276.0,36086.0,2000,14522.0,50608.0,4.72,REP
Kentucky,8.0,0.0,1544187.0,56.5,41.37,872492.0,638898.0,23192.0,2000,9605.0,32797.0,2.12,REP
Louisiana,9.0,0.0,1765656.0,52.55,44.88,927871.0,792344.0,20473.0,2000,24968.0,45441.0,2.57,REP
Maine,0.0,4.0,651817.0,43.97,49.09,286616.0,319951.0,37127.0,2000,8123.0,45250.0,6.94,DEM
Maryland,0.0,10.0,2025480.0,40.18,56.57,813797.0,1145782.0,53768.0,2000,12133.0,65901.0,3.25,DEM
Massachusetts,0.0,12.0,2702984.0,32.5,59.8,878502.0,1616487.0,173564.0,2000,34431.0,207995.0,7.7,DEM
Michigan,0.0,18.0,4232711.0,46.14,51.28,1953139.0,2170418.0,84165.0,2000,24989.0,109154.0,2.58,DEM
Minnesota,0.0,10.0,2438685.0,45.5,47.91,1109659.0,1168266.0,126696.0,2000,34064.0,160760.0,6.59,DEM
Mississippi,7.0,0.0,994926.0,57.62,40.7,573230.0,404964.0,8126.0,2000,8606.0,16732.0,1.68,REP
Missouri,11.0,0.0,2359892.0,50.42,47.08,1189924.0,1111138.0,38515.0,2000,20315.0,58830.0,2.49,REP
Montana,3.0,0.0,410997.0,58.44,33.36,240178.0,137126.0,24437.0,2000,9256.0,33693.0,8.2,REP
Nebraska,5.0,0.0,697019.0,62.25,33.25,433862.0,231780.0,24540.0,2000,6837.0,31377.0,4.5,REP
Nevada,4.0,0.0,608970.0,49.52,45.98,301575.0,279978.0,15008.0,2000,12409.0,27417.0,4.5,REP
New Hampshire,4.0,0.0,569081.0,48.07,46.8,273559.0,266348.0,22198.0,2000,6976.0,29174.0,5.13,REP
New Jersey,0.0,15.0,3187226.0,40.29,56.13,1284173.0,1788850.0,94554.0,2000,19649.0,114203.0,3.58,DEM
New Mexico,0.0,5.0,598605.0,47.85,47.91,286417.0,286783.0,21251.0,2000,4154.0,25405.0,4.24,DEM
New York,0.0,33.0,6831178.0,35.22,60.22,2405676.0,4113791.0,244398.0,2000,67313.0,311711.0,4.56,DEM
North Carolina,14.0,0.0,2911262.0,56.03,43.2,1631163.0,1257692.0,0.0,2000,22407.0,22407.0,0.77,REP
North Dakota,3.0,0.0,288267.0,60.66,33.05,174852.0,95284.0,9497.0,2000,8634.0,18131.0,6.29,REP
Ohio,21.0,0.0,4705457.0,49.97,46.46,2351209.0,2186190.0,117857.0,2000,50201.0,168058.0,3.57,REP
Oklahoma,8.0,0.0,1234229.0,60.31,38.43,744337.0,474276.0,0.0,2000,15616.0,15616.0,1.27,REP
Oregon,0.0,7.0,1533968.0,46.52,46.96,713577.0,720342.0,77357.0,2000,22692.0,100049.0,6.52,DEM
Pennsylvania,0.0,23.0,4913119.0,46.43,50.6,2281127.0,2485967.0,103392.0,2000,42633.0,146025.0,2.97,DEM
Rhode Island,0.0,4.0,409112.0,31.91,60.99,130555.0,249508.0,25052.0,2000,3997.0,29049.0,7.1,DEM
South Carolina,8.0,0.0,1383777.0,56.83,40.91,786426.0,566039.0,20279.0,2000,11033.0,31312.0,2.26,REP
South Dakota,3.0,0.0,316269.0,60.3,37.56,190700.0,118804.0,0.0,2000,6765.0,6765.0,2.14,REP
Tennessee,11.0,0.0,2076181.0,51.15,47.28,1061949.0,981720.0,19781.0,2000,12731.0,32512.0,1.57,REP
Texas,32.0,0.0,6407637.0,59.3,37.98,3799639.0,2433746.0,137994.0,2000,36258.0,174252.0,2.72,REP
Utah,5.0,0.0,770754.0,66.83,26.34,515096.0,203053.0,35850.0,2000,16755.0,52605.0,6.83,REP
Vermont,0.0,3.0,294308.0,40.7,50.63,119775.0,149022.0,20374.0,2000,5137.0,25511.0,8.67,DEM
Virginia,13.0,0.0,2739447.0,52.47,44.44,1437490.0,1217290.0,59398.0,2000,25269.0,84667.0,3.09,REP
Washington,0.0,11.0,2488745.0,44.56,50.13,1108864.0,1247652.0,103002.0,2000,29227.0,132229.0,5.31,DEM
West Virginia,5.0,0.0,648124.0,51.92,45.59,336475.0,295497.0,10680.0,2000,5472.0,16152.0,2.49,REP
Wisconsin,0.0,11.0,2598607.0,47.61,47.83,1237279.0,1242987.0,94070.0,2000,24271.0,118341.0,4.55,DEM
Wyoming,3.0,0.0,218351.0,67.76,27.7,147947.0,60481.0,4625.0,2000,5298.0,9923.0,4.54,REP
Alabama,9.0,0.0,1883449.0,62.46,36.84,1176394.0,693933.0,13122.0,2004,,13122.0,0.7,REP
Alaska,3.0,0.0,312598.0,61.07,35.52,190889.0,111025.0,10684.0,2004,,10684.0,3.42,REP
Arizona,10.0,0.0,2016102.0,54.77,44.32,1104294.0,893524.0,18284.0,2004,,18284.0,0.91,REP
Arkansas,6.0,0.0,1054945.0,54.31,44.55,572898.0,469953.0,12094.0,2004,,12094.0,1.15,REP
California,0.0,55.0,12421859.0,44.36,54.3,5509826.0,6745485.0,166548.0,2004,,166548.0,1.34,DEM
Colorado,9.0,0.0,2130325.0,51.69,47.02,1101256.0,1001725.0,27344.0,2004,,27344.0,1.28,REP
Connecticut,0.0,7.0,1578769.0,43.95,54.31,693826.0,857488.0,27455.0,2004,,27455.0,1.74,DEM
Delaware,0.0,3.0,375270.0,45.74,53.34,171660.0,200152.0,3458.0,2004,,3458.0,0.92,DEM
D. C.,0.0,3.0,227586.0,9.34,89.18,21256.0,202970.0,3360.0,2004,,3360.0,1.48,DEM
Florida,27.0,0.0,7609810.0,52.1,47.09,3964522.0,3583544.0,61744.0,2004,,61744.0,0.81,REP
Georgia,15.0,0.0,3304481.0,57.93,41.34,1914254.0,1366149.0,24078.0,2004,,24078.0,0.73,REP
Hawaii,0.0,4.0,429013.0,45.26,54.01,194191.0,231708.0,3114.0,2004,,3114.0,0.73,DEM
Idaho,4.0,0.0,598447.0,68.38,30.26,409235.0,181098.0,8114.0,2004,,8114.0,1.36,REP
Illinois,0.0,21.0,5274322.0,44.48,54.82,2345946.0,2891550.0,36826.0,2004,,36826.0,0.7,DEM
Indiana,11.0,0.0,2468002.0,59.94,39.26,1479438.0,969011.0,19553.0,2004,,19553.0,0.79,REP
Iowa,7.0,0.0,1506908.0,49.9,49.23,751957.0,741898.0,13053.0,2004,,13053.0,0.87,REP
Kansas,6.0,0.0,1187756.0,62.0,36.62,736456.0,434993.0,16307.0,2004,,16307.0,1.37,REP
Kentucky,8.0,0.0,1796079.0,59.54,39.68,1069439.0,712733.0,13907.0,2004,,13907.0,0.77,REP
Louisiana,9.0,0.0,1943106.0,56.72,42.22,1102169.0,820299.0,20638.0,2004,,20638.0,1.06,REP
Maine,0.0,4.0,740752.0,44.58,53.57,330201.0,396842.0,13709.0,2004,,13709.0,1.85,DEM
Maryland,0.0,10.0,2386678.0,42.93,55.91,1024703.0,1334493.0,27482.0,2004,,27482.0,1.15,DEM
Massachusetts,0.0,12.0,2912388.0,36.78,61.94,1071109.0,1803800.0,37479.0,2004,,37479.0,1.29,DEM
Michigan,0.0,17.0,4839252.0,47.81,51.23,2313746.0,2479183.0,46323.0,2004,,46323.0,0.96,DEM
Minnesota,0.0,9.0,2828387.0,47.61,51.09,1346695.0,1445014.0,36678.0,2004,,36678.0,1.3,DEM
Mississippi,6.0,0.0,1152365.0,59.44,39.75,684981.0,458094.0,9290.0,2004,,9290.0,0.81,REP
Missouri,11.0,0.0,2731364.0,53.3,46.1,1455713.0,1259171.0,16480.0,2004,,16480.0,0.6,REP
Montana,3.0,0.0,450445.0,59.07,38.56,266063.0,173710.0,10672.0,2004,,10672.0,2.37,REP
Nebraska,5.0,0.0,778186.0,65.9,32.68,512814.0,254328.0,11044.0,2004,,11044.0,1.42,REP
Nevada,5.0,0.0,829587.0,50.47,47.88,418690.0,397190.0,13707.0,2004,,13707.0,1.65,REP
New Hampshire,0.0,4.0,677738.0,48.87,50.24,331237.0,340511.0,5990.0,2004,,5990.0,0.88,DEM
New Jersey,0.0,15.0,3612137.0,46.23,52.92,1670003.0,1911430.0,30704.0,2004,,30704.0,0.85,DEM
New Mexico,5.0,0.0,756304.0,49.84,49.05,376930.0,370942.0,8432.0,2004,,8432.0,1.11,REP
New York,0.0,31.0,7391954.0,40.08,58.36,2962567.0,4314280.0,115107.0,2004,,115107.0,1.56,DEM
North Carolina,15.0,0.0,3501007.0,56.02,43.58,1961166.0,1525849.0,13992.0,2004,,13992.0,0.4,REP
North Dakota,3.0,0.0,312833.0,62.86,35.5,196651.0,111052.0,5130.0,2004,,5130.0,1.64,REP
Ohio,20.0,0.0,5627908.0,50.81,48.71,2859768.0,2741167.0,26973.0,2004,,26973.0,0.48,REP
Oklahoma,7.0,0.0,1463758.0,65.57,34.43,959792.0,503966.0,0.0,2004,,0.0,0.0,REP
Oregon,0.0,7.0,1836782.0,47.19,51.35,866831.0,943163.0,26788.0,2004,,26788.0,1.46,DEM
Pennsylvania,0.0,21.0,5769590.0,48.42,50.92,2793847.0,2938095.0,37648.0,2004,,37648.0,0.65,DEM
Rhode Island,0.0,4.0,437134.0,38.67,59.42,169046.0,259760.0,8328.0,2004,,8328.0,1.91,DEM
South Carolina,8.0,0.0,1617730.0,57.98,40.9,937974.0,661699.0,18057.0,2004,,18057.0,1.12,REP
South Dakota,3.0,0.0,388215.0,59.91,38.44,232584.0,149244.0,6387.0,2004,,6387.0,1.65,REP
Tennessee,11.0,0.0,2434949.0,56.81,42.51,1383336.0,1035160.0,16453.0,2004,,16453.0,0.68,REP
Texas,34.0,0.0,7410765.0,61.09,38.22,4526917.0,2832704.0,51144.0,2004,,51144.0,0.69,REP
Utah,5.0,0.0,927844.0,71.54,26.0,663742.0,241199.0,22903.0,2004,,22903.0,2.47,REP
Vermont,0.0,3.0,312309.0,38.8,58.94,121180.0,184067.0,7062.0,2004,,7062.0,2.26,DEM
Virginia,13.0,0.0,3198367.0,53.68,45.48,1716959.0,1454742.0,26666.0,2004,,26666.0,0.83,REP
Washington,0.0,11.0,2861713.0,45.6,52.77,1304894.0,1510201.0,46618.0,2004,,46618.0,1.63,DEM
West Virginia,5.0,0.0,755887.0,56.06,43.2,423778.0,326541.0,5568.0,2004,,5568.0,0.74,REP
Wisconsin,0.0,10.0,2997007.0,49.32,49.7,1478120.0,1489504.0,29383.0,2004,,29383.0,0.98,DEM
Wyoming,3.0,0.0,243428.0,68.86,29.07,167629.0,70776.0,5023.0,2004,,5023.0,2.06,REP
Alabama,9.0,0.0,2099819.0,60.32,38.74,1266546.0,813479.0,19794.0,2008,,19794.0,0.94,REP
Alaska,3.0,0.0,326197.0,59.42,37.89,193841.0,123594.0,8762.0,2008,,8762.0,2.69,REP
Arizona,10.0,0.0,2303838.0,53.39,44.91,1230111.0,1034707.0,39020.0,2008,,39020.0,1.69,REP
Arkansas,6.0,0.0,1086617.0,58.72,38.86,638017.0,422310.0,26290.0,2008,,26290.0,2.42,REP
California,0.0,55.0,13583083.0,36.9,60.92,5011781.0,8274473.0,296829.0,2008,,296829.0,2.19,DEM
Colorado,0.0,9.0,2401462.0,44.71,53.66,1073629.0,1288633.0,39200.0,2008,,39200.0,1.63,DEM
Connecticut,0.0,7.0,1646793.0,38.22,60.59,629428.0,997773.0,19592.0,2008,,19592.0,1.19,DEM
Delaware,0.0,3.0,412616.0,36.93,61.91,152374.0,255459.0,4783.0,2008,,4783.0,1.16,DEM
D. C.,0.0,3.0,265853.0,6.53,92.46,17367.0,245800.0,2686.0,2008,,2686.0,1.01,DEM
Florida,0.0,27.0,8412248.0,48.1,50.91,4046219.0,4282367.0,83662.0,2008,,83662.0,0.99,DEM
Georgia,15.0,0.0,3932158.0,52.1,46.9,2048759.0,1844123.0,39276.0,2008,,39276.0,1.0,REP
Hawaii,0.0,4.0,453568.0,26.58,71.85,120566.0,325871.0,7131.0,2008,,7131.0,1.57,DEM
Idaho,4.0,0.0,658454.0,61.21,35.91,403012.0,236440.0,19002.0,2008,,19002.0,2.89,REP
Illinois,0.0,21.0,5530179.0,36.73,61.83,2031179.0,3419348.0,79652.0,2008,,79652.0,1.44,DEM
Indiana,0.0,11.0,2756658.0,48.81,49.84,1345648.0,1374039.0,36971.0,2008,,36971.0,1.34,DEM
Iowa,0.0,7.0,1537123.0,44.39,53.93,682379.0,828940.0,25804.0,2008,,25804.0,1.68,DEM
Kansas,6.0,0.0,1238873.0,56.48,41.55,699655.0,514765.0,24453.0,2008,,24453.0,1.97,REP
Kentucky,8.0,0.0,1827587.0,57.37,41.15,1048462.0,751985.0,27140.0,2008,,27140.0,1.49,REP
Louisiana,9.0,0.0,1960761.0,58.56,39.93,1148275.0,782989.0,29497.0,2008,,29497.0,1.5,REP
Maine,0.0,4.0,731163.0,40.38,57.71,295273.0,421923.0,13967.0,2008,,13967.0,1.91,DEM
Maryland,0.0,10.0,2631596.0,36.47,61.92,959862.0,1629467.0,42267.0,2008,,42267.0,1.61,DEM
Massachusetts,0.0,12.0,3081069.0,35.99,61.8,1108854.0,1904098.0,68117.0,2008,,68117.0,2.21,DEM
Michigan,0.0,17.0,5010606.0,40.89,57.33,2048639.0,2872579.0,89388.0,2008,,89388.0,1.78,DEM
Minnesota,0.0,10.0,2910369.0,43.82,54.06,1275409.0,1573354.0,61606.0,2008,,61606.0,2.12,DEM
Mississippi,6.0,0.0,1289939.0,56.17,43.0,724597.0,554662.0,10680.0,2008,,10680.0,0.83,REP
Missouri,11.0,0.0,2929111.0,49.36,49.23,1445814.0,1441911.0,41386.0,2008,,41386.0,1.41,REP
Montana,3.0,0.0,492750.0,49.49,47.11,243882.0,232159.0,16709.0,2008,,16709.0,3.39,REP
Nebraska,4.0,1.0,801281.0,56.53,41.6,452979.0,333319.0,14983.0,2008,,14983.0,1.87,REP
Nevada,0.0,5.0,967848.0,42.65,55.15,412827.0,533736.0,21285.0,2008,,21285.0,2.2,DEM
New Hampshire,0.0,4.0,710970.0,44.52,54.13,316534.0,384826.0,9610.0,2008,,9610.0,1.35,DEM
New Jersey,0.0,15.0,3877407.0,41.61,57.14,1613207.0,2215422.0,48778.0,2008,,48778.0,1.26,DEM
New Mexico,0.0,5.0,830158.0,41.78,56.91,346832.0,472422.0,10904.0,2008,,10904.0,1.31,DEM
New York,0.0,31.0,7640948.0,36.03,62.88,2752771.0,4804945.0,83232.0,2008,,83232.0,1.09,DEM
North Carolina,0.0,15.0,4310789.0,49.38,49.7,2128474.0,2142651.0,39664.0,2008,,39664.0,0.92,DEM
North Dakota,3.0,0.0,317738.0,53.15,44.5,168887.0,141403.0,7448.0,2008,,7448.0,2.34,REP
Ohio,0.0,20.0,5721831.0,46.8,51.38,2677820.0,2940044.0,103967.0,2008,,103967.0,1.82,DEM
Oklahoma,7.0,0.0,1462661.0,65.65,34.35,960165.0,502496.0,0.0,2008,,0.0,0.0,REP
Oregon,0.0,7.0,1827864.0,40.4,56.75,738475.0,1037291.0,52098.0,2008,,52098.0,2.85,DEM
Pennsylvania,0.0,21.0,6015476.0,44.15,54.47,2655885.0,3276363.0,83228.0,2008,,83228.0,1.38,DEM
Rhode Island,0.0,4.0,471766.0,35.06,62.86,165391.0,296571.0,9804.0,2008,,9804.0,2.08,DEM
South Carolina,8.0,0.0,1920969.0,53.87,44.9,1034896.0,862449.0,23624.0,2008,,23624.0,1.23,REP
South Dakota,3.0,0.0,381975.0,53.16,44.75,203054.0,170924.0,7997.0,2008,,7997.0,2.09,REP
Tennessee,11.0,0.0,2601982.0,56.85,41.79,1479178.0,1087437.0,35367.0,2008,,35367.0,1.36,REP
Texas,34.0,0.0,8087791.0,55.38,43.63,4479328.0,3528633.0,79830.0,2008,,79830.0,0.99,REP
Utah,5.0,0.0,958996.0,62.15,34.17,596030.0,327670.0,35296.0,2008,,35296.0,3.68,REP
Vermont,0.0,3.0,325046.0,30.45,67.46,98974.0,219262.0,6810.0,2008,,6810.0,2.1,DEM
Virginia,0.0,13.0,3723260.0,46.33,52.63,1725005.0,1959532.0,38723.0,2008,,38723.0,1.04,DEM
Washington,0.0,11.0,3053261.0,40.26,57.34,1229216.0,1750848.0,73197.0,2008,,73197.0,2.4,DEM
West Virginia,5.0,0.0,715123.0,55.58,42.49,397466.0,303857.0,13800.0,2008,,13800.0,1.93,REP
Wisconsin,0.0,10.0,2983417.0,42.31,56.22,1262393.0,1677211.0,43813.0,2008,,43813.0,1.47,DEM
Wyoming,3.0,0.0,254658.0,64.78,32.54,164958.0,82868.0,6832.0,2008,,6832.0,2.68,REP
Alabama,9.0,0.0,2074338.0,60.55,38.36,1255925.0,795696.0,22717.0,2012,,22717.0,1.1,REP
Alaska,3.0,0.0,300495.0,54.8,40.81,164676.0,122640.0,13179.0,2012,,13179.0,4.39,REP
Arizona,11.0,0.0,2306559.0,53.48,44.45,1233654.0,1025232.0,47673.0,2012,,47673.0,2.07,REP
Arkansas,6.0,0.0,1069468.0,60.57,36.88,647744.0,394409.0,27315.0,2012,,27315.0,2.55,REP
California,0.0,55.0,13055815.0,37.07,60.16,4839958.0,7854285.0,361572.0,2012,,361572.0,2.77,DEM
Colorado,0.0,9.0,2571846.0,46.09,51.45,1185243.0,1323102.0,63501.0,2012,,63501.0,2.47,DEM
Connecticut,0.0,7.0,1558993.0,40.72,58.06,634899.0,905109.0,18985.0,2012,,18985.0,1.22,DEM
Delaware,0.0,3.0,413921.0,39.98,58.61,165484.0,242584.0,5853.0,2012,,5853.0,1.41,DEM
D. C.,0.0,3.0,293764.0,7.28,90.91,21381.0,267070.0,5313.0,2012,,5313.0,1.81,DEM
Florida,0.0,29.0,8492175.0,49.03,49.9,4163447.0,4237756.0,90972.0,2012,,90972.0,1.07,DEM
Georgia,16.0,0.0,3908369.0,53.19,45.39,2078688.0,1773827.0,55854.0,2012,,55854.0,1.43,REP
Hawaii,0.0,4.0,434697.0,27.84,70.55,121015.0,306658.0,7024.0,2012,,7024.0,1.62,DEM
Idaho,4.0,0.0,656742.0,64.09,32.4,420911.0,212787.0,23044.0,2012,,23044.0,3.51,REP
Illinois,0.0,20.0,5251432.0,40.66,57.5,2135216.0,3019512.0,96704.0,2012,,96704.0,1.84,DEM
Indiana,11.0,0.0,2633143.0,54.04,43.84,1422872.0,1154275.0,55996.0,2012,,55996.0,2.13,REP
Iowa,0.0,6.0,1582180.0,46.18,51.99,730617.0,822544.0,29019.0,2012,,29019.0,1.83,DEM
Kansas,6.0,0.0,1157532.0,59.59,38.0,689809.0,439908.0,27815.0,2012,,27815.0,2.4,REP
Kentucky,8.0,0.0,1798048.0,60.47,37.78,1087190.0,679370.0,31488.0,2012,,31488.0,1.75,REP
Louisiana,8.0,0.0,1994065.0,57.78,40.58,1152262.0,809141.0,32662.0,2012,,32662.0,1.64,REP
Maine,0.0,4.0,713180.0,40.98,56.27,292276.0,401306.0,19598.0,2012,,19598.0,2.75,DEM
Maryland,0.0,10.0,2707327.0,35.9,61.97,971869.0,1677844.0,57614.0,2012,,57614.0,2.13,DEM
Massachusetts,0.0,11.0,3167767.0,37.52,60.67,1188460.0,1921761.0,57546.0,2012,,57546.0,1.82,DEM
Michigan,0.0,16.0,4745316.0,44.58,54.04,2115256.0,2564569.0,65491.0,2012,,65491.0,1.38,DEM
Minnesota,0.0,10.0,2936561.0,44.96,52.65,1320225.0,1546167.0,70169.0,2012,,70169.0,2.39,DEM
Mississippi,6.0,0.0,1285584.0,55.29,43.79,710746.0,562949.0,11889.0,2012,,11889.0,0.92,REP
Missouri,10.0,0.0,2763689.0,53.64,44.28,1482440.0,1223796.0,57453.0,2012,,57453.0,2.08,REP
Montana,3.0,0.0,484484.0,55.3,41.66,267928.0,201839.0,14717.0,2012,,14717.0,3.04,REP
Nebraska,5.0,0.0,794379.0,59.8,38.03,475064.0,302081.0,17234.0,2012,,17234.0,2.17,REP
Nevada,0.0,6.0,1014918.0,45.68,52.36,463567.0,531373.0,19978.0,2012,,19978.0,1.97,DEM
New Hampshire,0.0,4.0,710972.0,46.4,51.98,329918.0,369561.0,11493.0,2012,,11493.0,1.62,DEM
New Jersey,0.0,14.0,3651140.0,40.5,58.25,1478749.0,2126610.0,45781.0,2012,,45781.0,1.25,DEM
New Mexico,0.0,5.0,783757.0,42.84,52.99,335788.0,415335.0,32634.0,2012,,32634.0,4.16,DEM
New York,0.0,29.0,7081536.0,35.17,63.35,2490496.0,4485877.0,105163.0,2012,,105163.0,1.49,DEM
North Carolina,15.0,0.0,4505372.0,50.39,48.35,2270395.0,2178391.0,56586.0,2012,,56586.0,1.26,REP
North Dakota,3.0,0.0,322627.0,58.32,38.69,188163.0,124827.0,9637.0,2012,,9637.0,2.99,REP
Ohio,0.0,18.0,5590934.0,47.6,50.58,2661437.0,2827709.0,101788.0,2012,,101788.0,1.82,DEM
Oklahoma,7.0,0.0,1334872.0,66.77,33.23,891325.0,443547.0,0.0,2012,,0.0,0.0,REP
Oregon,0.0,7.0,1789270.0,42.15,54.24,754175.0,970488.0,64607.0,2012,,64607.0,3.61,DEM
Pennsylvania,0.0,20.0,5755620.0,46.57,51.95,2680434.0,2990274.0,84912.0,2012,,84912.0,1.48,DEM
Rhode Island,0.0,4.0,446049.0,35.24,62.7,157204.0,279677.0,9168.0,2012,,9168.0,2.06,DEM
South Carolina,9.0,0.0,1964118.0,54.56,44.09,1071645.0,865941.0,26532.0,2012,,26532.0,1.35,REP
South Dakota,3.0,0.0,363815.0,57.89,39.87,210610.0,145039.0,8166.0,2012,,8166.0,2.24,REP
Tennessee,11.0,0.0,2460904.0,59.42,39.04,1462330.0,960709.0,37865.0,2012,,37865.0,1.54,REP
Texas,38.0,0.0,7999657.0,57.13,41.35,4569843.0,3308124.0,121690.0,2012,,121690.0,1.52,REP
Utah,6.0,0.0,1020861.0,72.55,24.67,740600.0,251813.0,28448.0,2012,,28448.0,2.79,REP
Vermont,0.0,3.0,299290.0,30.97,66.57,92698.0,199239.0,7353.0,2012,,7353.0,2.46,DEM
Virginia,0.0,13.0,3854489.0,47.28,51.16,1822522.0,1971820.0,60147.0,2012,,60147.0,1.56,DEM
Washington,0.0,12.0,3145958.0,41.03,55.8,1290670.0,1755396.0,99892.0,2012,,99892.0,3.18,DEM
West Virginia,5.0,0.0,672119.0,62.14,35.45,417655.0,238269.0,16195.0,2012,,16195.0,2.41,REP
Wisconsin,0.0,10.0,3068434.0,45.89,52.83,1407966.0,1620985.0,39483.0,2012,,39483.0,1.29,DEM
Wyoming,3.0,0.0,249061.0,68.64,27.82,170962.0,69286.0,8813.0,2012,,8813.0,3.54,REP
Alabama,9.0,0.0,2123372.0,62.08,34.36,1318255.0,729547.0,44467.0,2016,31103.0,75570.0,3.56,REP
Alaska,3.0,0.0,318608.0,51.28,36.55,163387.0,116454.0,18725.0,2016,20042.0,38767.0,12.17,REP
Arizona,11.0,0.0,2604657.0,48.08,44.58,1252401.0,1161167.0,106327.0,2016,84762.0,191089.0,7.34,REP
Arkansas,6.0,0.0,1130676.0,60.57,33.65,684872.0,380494.0,29949.0,2016,35361.0,65310.0,5.78,REP
California,0.0,55.0,14243449.0,31.48,61.46,4483814.0,8753792.0,478500.0,2016,527343.0,1005843.0,7.06,DEM
Colorado,0.0,9.0,2780247.0,43.25,48.16,1202484.0,1338870.0,144121.0,2016,94772.0,238893.0,8.59,DEM
Connecticut,0.0,7.0,1644920.0,40.93,54.57,673215.0,897572.0,48676.0,2016,25457.0,74133.0,4.51,DEM
Delaware,0.0,3.0,443814.0,41.71,53.09,185127.0,235603.0,14757.0,2016,8327.0,23084.0,5.2,DEM
D. C.,0.0,3.0,311268.0,4.09,90.86,12723.0,282830.0,4906.0,2016,10809.0,15715.0,5.05,DEM
Florida,29.0,0.0,9502747.0,48.6,47.41,4617886.0,4504975.0,207043.0,2016,172843.0,379886.0,4.0,REP
Georgia,16.0,0.0,4146825.0,50.38,45.29,2089104.0,1877963.0,125306.0,2016,54452.0,179758.0,4.33,REP
Hawaii,0.0,3.0,428937.0,30.04,62.22,128847.0,266891.0,15954.0,2016,17245.0,33199.0,7.74,DEM
Idaho,4.0,0.0,690433.0,59.25,27.48,409055.0,189765.0,28331.0,2016,63282.0,91613.0,13.27,REP
Illinois,0.0,20.0,5595279.0,38.35,55.24,2146015.0,3090729.0,209596.0,2016,148939.0,358535.0,6.41,DEM
Indiana,11.0,0.0,2760375.0,56.42,37.43,1557286.0,1033126.0,133993.0,2016,35970.0,169963.0,6.16,REP
Iowa,6.0,0.0,1566031.0,51.15,41.74,800983.0,653669.0,59186.0,2016,52193.0,111379.0,7.11,REP
Kansas,6.0,0.0,1197570.0,56.03,35.66,671018.0,427005.0,55406.0,2016,44141.0,99547.0,8.31,REP
Kentucky,8.0,0.0,1924150.0,62.52,32.68,1202971.0,628854.0,53752.0,2016,38573.0,92325.0,4.8,REP
Louisiana,8.0,0.0,2029032.0,58.09,38.45,1178638.0,780154.0,37978.0,2016,32262.0,70240.0,3.46,REP
Maine,1.0,3.0,747927.0,44.87,47.83,335593.0,357735.0,38105.0,2016,16494.0,54599.0,7.3,DEM
Maryland,0.0,10.0,2781446.0,33.91,60.33,943169.0,1677928.0,79605.0,2016,80744.0,160349.0,5.76,DEM
Massachusetts,0.0,11.0,3325046.0,32.81,60.01,1090893.0,1995196.0,138018.0,2016,100939.0,238957.0,7.19,DEM
Michigan,16.0,0.0,4824542.0,47.25,47.03,2279543.0,2268839.0,172136.0,2016,104024.0,276160.0,5.72,REP
Minnesota,0.0,10.0,2945233.0,44.93,46.44,1323232.0,1367825.0,112984.0,2016,141192.0,254176.0,8.63,DEM
Mississippi,6.0,0.0,1211088.0,57.86,40.06,700714.0,485131.0,14435.0,2016,10808.0,25243.0,2.08,REP
Missouri,10.0,0.0,2828266.0,56.38,37.87,1594511.0,1071068.0,97359.0,2016,65328.0,162687.0,5.75,REP
Montana,3.0,0.0,501822.0,55.65,35.41,279240.0,177709.0,28037.0,2016,16836.0,44873.0,8.94,REP
Nebraska,5.0,0.0,844232.0,58.75,33.7,495961.0,284494.0,38946.0,2016,24831.0,63777.0,7.55,REP
Nevada,0.0,6.0,1125385.0,45.5,47.92,512058.0,539260.0,37384.0,2016,36683.0,74067.0,6.58,DEM
New Hampshire,0.0,4.0,744296.0,46.46,46.83,345790.0,348526.0,30777.0,2016,19203.0,49980.0,6.72,DEM
New Jersey,0.0,14.0,3906723.0,41.0,54.99,1601933.0,2148278.0,72477.0,2016,84035.0,156512.0,4.01,DEM
New Mexico,0.0,5.0,798319.0,40.04,48.26,319667.0,385234.0,74541.0,2016,18877.0,93418.0,11.7,DEM
New York,0.0,29.0,7721795.0,36.51,59.0,2819557.0,4556142.0,176600.0,2016,169496.0,346096.0,4.48,DEM
North Carolina,15.0,0.0,4741564.0,49.83,46.17,2362631.0,2189316.0,130126.0,2016,59491.0,189617.0,4.0,REP
North Dakota,3.0,0.0,344360.0,62.96,27.23,216794.0,93758.0,21434.0,2016,12374.0,33808.0,9.82,REP
Ohio,18.0,0.0,5536547.0,51.31,43.24,2841006.0,2394169.0,174498.0,2016,126874.0,301372.0,5.44,REP
Oklahoma,7.0,0.0,1452992.0,65.32,28.93,949136.0,420375.0,83481.0,2016,0.0,83481.0,5.75,REP
Oregon,0.0,7.0,2001336.0,39.09,50.07,782403.0,1002106.0,94231.0,2016,122596.0,216827.0,10.83,DEM
Pennsylvania,20.0,0.0,6166938.0,48.17,47.45,2970742.0,2926458.0,146719.0,2016,123019.0,269738.0,4.37,REP
Rhode Island,0.0,4.0,464144.0,38.9,54.41,180543.0,252525.0,14746.0,2016,16330.0,31076.0,6.7,DEM
South Carolina,9.0,0.0,2103027.0,54.94,40.67,1155389.0,855373.0,49204.0,2016,43061.0,92265.0,4.39,REP
South Dakota,3.0,0.0,370111.0,61.53,31.74,227731.0,117466.0,20850.0,2016,4064.0,24914.0,6.73,REP
Tennessee,11.0,0.0,2508027.0,60.72,34.72,1522925.0,870695.0,70397.0,2016,44010.0,114407.0,4.56,REP
Texas,36.0,0.0,8993855.0,52.09,43.12,4685047.0,3877868.0,283492.0,2016,147448.0,430940.0,4.79,REP
Utah,6.0,0.0,1143732.0,45.05,27.16,515231.0,310676.0,39608.0,2016,278217.0,317825.0,27.79,REP
Vermont,0.0,3.0,315067.0,30.27,56.68,95369.0,178573.0,10078.0,2016,31047.0,41125.0,13.05,DEM
Virginia,0.0,13.0,3982752.0,44.43,49.75,1769443.0,1981473.0,118274.0,2016,113562.0,231836.0,5.82,DEM
Washington,0.0,8.0,3316996.0,36.83,52.54,1221747.0,1742718.0,160879.0,2016,191652.0,352531.0,10.63,DEM
West Virginia,5.0,0.0,721261.0,67.85,26.18,489371.0,188794.0,23004.0,2016,20092.0,43096.0,5.98,REP
Wisconsin,10.0,0.0,2976150.0,47.22,46.45,1405284.0,1382536.0,106674.0,2016,81656.0,188330.0,6.33,REP
Wyoming,3.0,0.0,255849.0,68.17,21.88,174419.0,55973.0,13287.0,2016,12170.0,25457.0,9.95,REP
Alabama,9.0,0.0,2323282.0,62.03,36.57,1441170.0,849624.0,32488.0,2020,,32488.0,1.4,REP
Alaska,3.0,0.0,359530.0,52.83,42.77,189951.0,153778.0,15801.0,2020,,15801.0,4.39,REP
Arizona,0.0,11.0,3397388.0,48.91,49.22,1661686.0,1672143.0,63559.0,2020,,63559.0,1.87,DEM
Arkansas,6.0,0.0,1219069.0,62.4,34.78,760647.0,423932.0,34490.0,2020,,34490.0,2.83,REP
California,0.0,55.0,17531845.0,34.26,63.37,6006518.0,11110639.0,414688.0,2020,,414688.0,2.37,DEM
Colorado,0.0,9.0,3256980.0,41.9,55.4,1364607.0,1804352.0,88021.0,2020,,88021.0,2.7,DEM
Connecticut,0.0,7.0,1824456.0,39.21,59.24,715311.0,1080831.0,28314.0,2020,,28314.0,1.55,DEM
Delaware,0.0,3.0,504346.0,39.77,58.74,200603.0,296268.0,7475.0,2020,,7475.0,1.48,DEM
D. C.,0.0,3.0,344356.0,5.4,92.15,18586.0,317323.0,8447.0,2020,,8447.0,2.45,DEM
Florida,29.0,0.0,11092221.0,51.11,47.75,5668731.0,5297045.0,126445.0,2020,,126445.0,1.14,REP
Georgia,0.0,16.0,4999960.0,49.24,49.47,2461854.0,2473633.0,64473.0,2020,,64473.0,1.29,DEM
Hawaii,0.0,4.0,574469.0,34.27,63.73,196864.0,366130.0,11475.0,2020,,11475.0,2.0,DEM
Idaho,4.0,0.0,870351.0,63.67,32.98,554119.0,287021.0,29211.0,2020,,29211.0,3.36,REP
Illinois,0.0,20.0,6049516.0,40.45,57.39,2446891.0,3471915.0,130710.0,2020,,130710.0,2.16,DEM
Indiana,11.0,0.0,3039801.0,56.91,40.87,1729863.0,1242505.0,67433.0,2020,,67433.0,2.22,REP
Iowa,6.0,0.0,1690871.0,53.09,44.89,897672.0,759061.0,34138.0,2020,,34138.0,2.02,REP
Kansas,6.0,0.0,1377484.0,56.0,41.4,771406.0,570323.0,35755.0,2020,,35755.0,2.6,REP
Kentucky,8.0,0.0,2138009.0,62.05,36.13,1326646.0,772474.0,38889.0,2020,,38889.0,1.82,REP
Louisiana,8.0,0.0,2148062.0,58.46,39.85,1255776.0,856034.0,36252.0,2020,,36252.0,1.69,REP
Maine,1.0,3.0,819461.0,44.03,53.09,360770.0,435072.0,23619.0,2020,,23619.0,2.88,DEM
Maryland,0.0,10.0,3037030.0,32.15,65.36,976414.0,1985023.0,75593.0,2020,,75593.0,2.49,DEM
Massachusetts,0.0,11.0,3631402.0,32.14,65.6,1167202.0,2382202.0,81998.0,2020,,81998.0,2.26,DEM
Michigan,0.0,16.0,5547186.0,47.77,50.55,2649864.0,2804045.0,93277.0,2020,,93277.0,1.68,DEM
Minnesota,0.0,10.0,3277171.0,45.28,52.4,1484065.0,1717077.0,76029.0,2020,,76029.0,2.32,DEM
Mississippi,6.0,0.0,1314475.0,57.57,41.04,756764.0,539398.0,18313.0,2020,,18313.0,1.39,REP
Missouri,10.0,0.0,3030748.0,56.71,41.34,1718736.0,1253014.0,58998.0,2020,,58998.0,1.95,REP
Montana,3.0,0.0,605570.0,56.74,40.42,343602.0,244786.0,17182.0,2020,,17182.0,2.84,REP
Nebraska,4.0,1.0,956383.0,58.22,39.17,556846.0,374583.0,24954.0,2020,,24954.0,2.61,REP
Nevada,0.0,6.0,1405376.0,47.67,50.06,669890.0,703486.0,32000.0,2020,,32000.0,2.28,DEM
New Hampshire,0.0,4.0,806215.0,45.36,52.71,365660.0,424937.0,15618.0,2020,,15618.0,1.94,DEM
New Jersey,0.0,14.0,4565182.0,41.25,57.14,1883313.0,2608400.0,73469.0,2020,,73469.0,1.61,DEM
New Mexico,0.0,5.0,923965.0,43.5,54.29,401894.0,501614.0,20457.0,2020,,20457.0,2.21,DEM
New York,0.0,29.0,8632255.0,37.67,60.76,3251997.0,5244886.0,135372.0,2020,,135372.0,1.57,DEM
North Carolina,15.0,0.0,5524804.0,49.93,48.59,2758775.0,2684292.0,81737.0,2020,,81737.0,1.48,REP
North Dakota,3.0,0.0,361819.0,65.11,31.76,235595.0,114902.0,11322.0,2020,,11322.0,3.13,REP
Ohio,18.0,0.0,5932446.0,53.18,45.16,3154834.0,2679165.0,98447.0,2020,,98447.0,1.66,REP
Oklahoma,7.0,0.0,1560699.0,65.37,32.29,1020280.0,503890.0,36529.0,2020,,36529.0,2.34,REP
Oregon,0.0,7.0,2374321.0,40.37,56.45,958448.0,1340383.0,75490.0,2020,,75490.0,3.18,DEM
Pennsylvania,0.0,20.0,6940449.0,48.69,49.87,3379055.0,3461221.0,100173.0,2020,,100173.0,1.44,DEM
Rhode Island,0.0,4.0,517757.0,38.61,59.39,199922.0,307486.0,10349.0,2020,,10349.0,2.0,DEM
South Carolina,9.0,0.0,2513329.0,55.11,43.43,1385103.0,1091541.0,36685.0,2020,,36685.0,1.46,REP
South Dakota,3.0,0.0,422609.0,61.77,35.61,261043.0,150471.0,11095.0,2020,,11095.0,2.63,REP
Tennessee,11.0,0.0,3053851.0,60.66,37.45,1852475.0,1143711.0,57665.0,2020,,57665.0,1.89,REP
Texas,38.0,0.0,11326874.0,52.0,46.43,5890428.0,5259215.0,177231.0,2020,,177231.0,1.56,REP
Utah,6.0,0.0,1505982.0,57.45,37.2,865140.0,560282.0,80560.0,2020,,80560.0,5.35,REP
Vermont,0.0,3.0,367428.0,30.67,66.09,112704.0,242820.0,11904.0,2020,,11904.0,3.24,DEM
Virginia,0.0,13.0,4460524.0,44.0,54.11,1962430.0,2413568.0,84526.0,2020,,84526.0,1.89,DEM
Washington,0.0,12.0,4087631.0,38.77,57.97,1584651.0,2369612.0,133368.0,2020,,133368.0,3.26,DEM
West Virginia,5.0,0.0,794731.0,68.62,29.69,545382.0,235984.0,13365.0,2020,,13365.0,1.68,REP
Wisconsin,0.0,10.0,3298041.0,48.82,49.45,1610184.0,1630866.0,56991.0,2020,,56991.0,1.73,DEM
Wyoming,3.0,0.0,276765.0,69.94,26.55,193559.0,73491.0,9715.0,2020,,9715.0,3.51,REP
